<?xml version="1.0" encoding="UTF-8" ?>
<!DOCTYPE struts PUBLIC "-//Apache Software Foundation//DTD Struts Configuration 2.1//EN" "http://struts.apache.org/dtds/struts-2.1.dtd">
<struts>
<package name="abc" extends="struts-default" >

	<action name="login" class="com.struts.Login" method="execute">
		<interceptor-ref name="params"></interceptor-ref>
		<interceptor-ref name="execAndWait"></interceptor-ref>
		<result name="success">/login-success.jsp</result>
		<result name="error">/login-error.jsp</result>
		<result name="wait">/myintermediatepage.jsp</result>
	</action>

</package>
</struts>    
